run_id,milestone,git_sha,config_hash,seed,status,wall_clock_s,updated
oracle_topdown_b1.0_mc_c718cfe0b2_s0,m1,ba93c1c,c718cfe0b2,0,done,735,2026-10-01 02:22:12
oracle_topdown_b1.0_mc_c718cfe0b2_s1,m1,ba93c1c,c718cfe0b2,1,done,726,2026-10-01 02:34:19
oracle_topdown_b1.0_mc_c718cfe0b2_s2,m1,ba93c1c,c718cfe0b2,2,done,740,2026-10-01 02:46:41
oracle_topdown_b1.0_mc_a18bedd4f0_s0,m1,ba93c1c,a18bedd4f0,0,done,754,2026-10-01 02:59:16
oracle_topdown_b1.0_mc_a18bedd4f0_s1,m1,ba93c1c,a18bedd4f0,1,done,748,2026-10-01 03:11:45
oracle_topdown_b1.0_mc_a18bedd4f0_s2,m1,ba93c1c,a18bedd4f0,2,done,746,2026-10-01 03:24:13
frozen_selector_topdown_b1.0_mc_6930e2fa00_s0,m1,ba93c1c,6930e2fa00,0,done,736,2026-10-01 03:36:31
frozen_selector_topdown_b1.0_mc_6930e2fa00_s1,m1,ba93c1c,6930e2fa00,1,done,732,2026-10-01 03:48:44
frozen_selector_topdown_b1.0_mc_6930e2fa00_s2,m1,ba93c1c,6930e2fa00,2,done,728,2026-10-01 04:00:54
oracle_topdown_b1.0_mc_687e5cffbd_s0,m4tune,470b7b5,687e5cffbd,0,running,,2026-10-01 04:12:37
self_only_topdown_b0.0_mc_64531b365f_s0,m2,470b7b5,64531b365f,0,done,1550,2026-10-01 04:38:02
self_only_topdown_b0.0_mc_64531b365f_s1,m2,470b7b5,64531b365f,1,done,776,2026-10-01 04:50:59
self_only_topdown_b0.0_mc_64531b365f_s2,m2,470b7b5,64531b365f,2,done,760,2026-10-01 05:03:41
self_only_classifier_b0.0_mc_c19da3d121_s0,m2,470b7b5,c19da3d121,0,done,755,2026-10-01 05:16:17
self_only_classifier_b0.0_mc_c19da3d121_s1,m2,470b7b5,c19da3d121,1,done,748,2026-10-01 05:28:47
self_only_classifier_b0.0_mc_c19da3d121_s2,m2,470b7b5,c19da3d121,2,done,756,2026-10-01 05:41:24
anchors_only_topdown_b0.02_mc_033eaa8890_s0,m4tune,17d46dc,033eaa8890,0,done,741,2026-10-01 06:41:36
anchors_only_topdown_b0.02_mc_033eaa8890_s1,m4tune,17d46dc,033eaa8890,1,done,739,2026-10-01 06:53:54
anchors_only_topdown_b0.02_mc_033eaa8890_s2,m4tune,17d46dc,033eaa8890,2,done,744,2026-10-01 07:06:19
anchors_only_topdown_b0.02_mc_c70baa0912_s0,m4tune,17d46dc,c70baa0912,0,done,764,2026-10-01 07:19:02
anchors_only_topdown_b0.02_mc_c70baa0912_s1,m4tune,17d46dc,c70baa0912,1,done,738,2026-10-01 07:31:21
anchors_only_topdown_b0.02_mc_c70baa0912_s2,m4tune,17d46dc,c70baa0912,2,done,754,2026-10-01 07:43:55
naive_mix_topdown_b0.02_mc_a0d41295e9_s0,m4tune,17d46dc,a0d41295e9,0,done,761,2026-10-01 07:56:38
naive_mix_topdown_b0.02_mc_a0d41295e9_s1,m4tune,17d46dc,a0d41295e9,1,done,748,2026-10-01 08:09:07
naive_mix_topdown_b0.02_mc_a0d41295e9_s2,m4tune,17d46dc,a0d41295e9,2,done,770,2026-10-01 08:21:58
naive_mix_topdown_b0.02_mc_67824d1225_s0,m4tune,17d46dc,67824d1225,0,done,761,2026-10-01 08:34:41
naive_mix_topdown_b0.02_mc_67824d1225_s1,m4tune,17d46dc,67824d1225,1,done,762,2026-10-01 08:47:24
naive_mix_topdown_b0.02_mc_67824d1225_s2,m4tune,17d46dc,67824d1225,2,done,761,2026-10-01 09:00:06
plugin_rm_topdown_b0.02_mc_852d36809c_s0,m4tune,17d46dc,852d36809c,0,done,752,2026-10-01 09:12:40
plugin_rm_topdown_b0.02_mc_852d36809c_s1,m4tune,17d46dc,852d36809c,1,done,793,2026-10-01 09:25:54
plugin_rm_topdown_b0.02_mc_852d36809c_s2,m4tune,17d46dc,852d36809c,2,done,757,2026-10-01 09:38:32
plugin_rm_topdown_b0.02_mc_b529f4f0ae_s0,m4tune,17d46dc,b529f4f0ae,0,running,,2026-10-01 09:38:32
rsi_s1cpu_16eb7bfe17_s10,s1cpu,f116191,16eb7bfe17,10,running(try 1),,2026-10-04 14:59:48
rsi_s1cpu_50f7075150_s10,s1cpu,f116191,50f7075150,10,running(try 1),,2026-10-04 14:59:48
rsi_s1cpu_189cdb0695_s10,s1cpu,f116191,189cdb0695,10,running(try 1),,2026-10-04 14:59:48
rsi_s1cpu_50f7075150_s11,s1cpu,f116191,50f7075150,11,running(try 1),,2026-10-04 14:59:48
